sample,feature_id,genome_id
FW_TWAS_rep_2,ASV_f5a2eee82f28e21cb66939577af0616b2f8d0c9c,GCA_021808285.1
FW_TWAS_rep_2,ASV_8aacac7e01f9b68d2728cc97d0e16e8580370b2b,GCA_963814445.1
FW_TWAS_rep_2,ASV_14299c435d052c167bf484e4dd8bc0a7e2306b53,GCA_030537075.1
FW_TWAS_rep_2,ASV_f52e6c17c2ef277e2607992ad5cdba7fa914cfc3,GCA_044355585.1
FW_TWAS_rep_2,ASV_59c6f49aae538059f427d15c7422ef8a48ae0b8c,GCA_041910895.1
FW_TWAS_rep_2,ASV_b29db807d1e5d7ee44301c4ddde71b3febf23e33,GCA_016722575.1
FW_TWAS_rep_2,ASV_8b26957de2489694461f49ca5eb4458435388ed7,GCA_016721435.1
FW_TWAS_rep_2,ASV_2a5211eebe70a981d4eb896ba21869dc171fb7b1,GCA_964448465.1
FW_TWAS_rep_2,ASV_4c53b87d74fa5909c7d2ef304ffef41c09b5abb1,GCA_044229135.1
FW_TWAS_rep_2,ASV_85024c87d3b02c1eb57ccd59fa65cae0d4ebe63c,GCA_004297465.1
FW_TWAS_rep_2,ASV_3df6d89481a9488de8f36f2ff4f634e0c5262fd3,GCA_018242085.1
FW_TWAS_rep_2,ASV_8a912a71e6dde38b2cc28e80282ab2fea370e59a,GCA_035460805.1
FW_TWAS_rep_2,ASV_550affa22df5272fe67a1e76cd5db2c6ae0d5a2c,GCA_018604165.1
FW_TWAS_rep_2,ASV_37f1308a17ad23293fd0e4a0ab74b8adaf6e58ad,GCA_963748985.1
FW_TWAS_rep_2,ASV_6ea0e3a6d7d6c3695e2dc1cbcbc47ce5b8da21f7,GCF_030238425.1
FW_TWAS_rep_2,ASV_8403221786f306c2496ad4cfa24b8515e767c449,GCA_016716985.1
FW_TWAS_rep_2,ASV_67a59d936b938b0736e89fe5bfdd76e1ee92095b,GCA_016722395.1
FW_TWAS_rep_2,ASV_e714b995687239a3997116b87a9078ad1616a3ab,GCA_016704085.1
FW_TWAS_rep_2,ASV_58c35ab3d1010219878561adbc56d2ffc07009f9,GCA_001771815.1
FW_TWAS_rep_2,ASV_eef4e0e52962f746afe2e4aca624b4e8e4ebd2ba,GCA_027492415.1
FW_TWAS_rep_2,ASV_fd680ce4a3e26b77c38dbe4bff95f3207564a1d9,GCA_041674545.1
FW_TWAS_rep_2,ASV_2f9cbc3b9d0460acd64d9c55f1017561d92bb9e7,GCA_018882785.1
FW_TWAS_rep_2,ASV_40fdd4aee16b72ba7bd404cf66b852363a3b8708,GCA_016707525.1
FW_TWAS_rep_2,ASV_1df18e9ea56b27aa9282777dbf9a4764bea71352,GCA_037046705.1
FW_TWAS_rep_2,ASV_101254eac0ff9a286568eb8d0f2d1e6502c9329a,GCA_030857175.1
FW_TWAS_rep_2,ASV_2cd0d951898354c45aa5b875855c9d91c752a976,GCA_016702775.1
FW_TWAS_rep_2,ASV_c3aa10d506d278cc6c9b5b36f490971651427325,GCA_037046685.1
FW_TWAS_rep_2,ASV_4e71c8f1b9879f64728278347c30e3f887464717,GCA_046330105.1
FW_TWAS_rep_2,ASV_6019730afb5ced58d5fc5110431dd1fb57c68370,GCF_020783315.1
FW_TWAS_rep_2,ASV_84b1e52ac1454dbc8c7af8337347131d012a24b7,GCA_016722075.1
FW_TWAS_rep_2,ASV_229cbe75af3dfc6518a9294400c2c83c8156be1e,GCA_046331345.1
FW_TWAS_rep_2,ASV_9410639e2f815d664ae167c9a37ff865e1365b8c,GCA_937869105.1
FW_TWAS_rep_2,ASV_ed596fe5b4c4f28c636679abe5e50f45d22b8a21,GCA_044223705.1
FW_TWAS_rep_2,ASV_c66e04989ab20bc6bdbed79cbb2f9f2b68aef3c4,GCA_049291395.1
FW_TWAS_rep_2,ASV_7aa321743638bd44f9a9f49269465e9f62df42b0,GCA_964560345.1
FW_TWAS_rep_2,ASV_b3eb5886bb3332ec404a14be93533c01e8227e2a,GCA_035332785.1
FW_TWAS_rep_2,ASV_cb1fc5be6bc5790d96ff6d5552a6bd7f5b6f3845,GCA_016795365.1
FW_TWAS_rep_2,ASV_1b636d6c9298da410b93c7229bed6e4a8cf87d48,GCA_022484585.1
FW_TWAS_rep_2,ASV_5fe48eecbe80253ef4a4b36aca649a231b6c3c1a,GCA_037045515.1
FW_TWAS_rep_2,ASV_250d3aef3fdac9cbfb64083cf8eafc0d7f7454aa,GCF_022012435.1
FW_TWAS_rep_2,ASV_f58407e8ebaa7548723817128a38563a07add220,GCF_963887565.1
FW_TWAS_rep_2,ASV_9896d378e9ff52e2c79ed602a22f5e49df0009e6,GCA_963736865.1
FW_TWAS_rep_2,ASV_6f903c46e5df0b0c80b1f5c6dc4859498eb66f49,GCA_016711875.1
FW_TWAS_rep_2,ASV_f57d343105ff9cdb54f36f2de2df238c85b55824,GCA_044230475.1
FW_TWAS_rep_2,ASV_9a029fdbc692d487dbe4f694fe85b2b8ecd692c6,GCA_937868245.1
FW_TWAS_rep_2,ASV_7ea01310d3af337028dbf62e83f4796c5c0a68b8,GCF_002165385.1
FW_TWAS_rep_2,ASV_4445ed9337e56aa9cffb33a6943c0eaf205d80b9,GCA_049290295.1
FW_TWAS_rep_2,ASV_066b71e43003b303e3ecea8d980b7a2cd7bb07e5,GCA_040080065.1
FW_TWAS_rep_2,ASV_e3de7fabc0e681c9f6a9075615291f74597433b3,GCA_044227005.1
FW_TWAS_rep_2,ASV_1cf401fe7ff5ace6a2dfa2fef1119ff466ad1b8f,GCA_937858715.1
FW_TWAS_rep_2,ASV_9c58ba1dd372347ce375d7aeb79a9e6099ca9033,GCA_943369995.1
FW_TWAS_rep_2,ASV_4f259b19bfaa8868da18931fc47ddcc3bf4fe077,GCA_964451255.1
FW_TWAS_rep_2,ASV_8147491df80b0ac7ca1f8fde61d6d627be2c1aaa,GCA_016719255.1
FW_TWAS_rep_2,ASV_d697e52ad2744602560297755934f30180af1754,GCA_963746195.1
FW_TWAS_rep_2,ASV_5693674871d0fd53ab726528df017427f96797fa,GCA_019636095.1
FW_TWAS_rep_2,ASV_4fc0cd3add292d9baf388508ff26bb40bbe27f89,GCA_016191845.1
FW_TWAS_rep_2,ASV_2eb2c7eef290c9fae65aede58f36478fc935f022,GCF_016711745.1
FW_TWAS_rep_2,ASV_ee445b8e3123a9cb72fd7118d82d1e33cc093ec8,GCA_041908585.1
FW_TWAS_rep_2,ASV_f8c7e3ecc1dcf63c83a43f6cf1e50d614c0c4534,GCA_016712025.1
FW_TWAS_rep_2,ASV_d24bcc38c2126dbc0da3ba2bf8edc2536473f9c0,GCA_044229175.1
FW_TWAS_rep_2,ASV_541c15a3f123802a455e7cd9d6e50124418ced4a,GCA_965229115.1
FW_TWAS_rep_2,ASV_252a7256b96d39222195ba96262d630a81da6435,GCA_036528635.1
FW_TWAS_rep_2,ASV_4ba034483bb5518035db6512be7fc911ada504c0,GCA_016704735.1
FW_TWAS_rep_2,ASV_b7c8868aa722bc65a157d945c5ace6dc8012f618,GCA_963712105.1
FW_TWAS_rep_2,ASV_c890b4a363c22ce6aba6adab8546c51d768b41c3,GCA_035426845.1
FW_TWAS_rep_2,ASV_30a7a410a2741d083dbf0e51d826e33a5b78253d,GCF_034925685.1
FW_TWAS_rep_2,ASV_3849b145f3d93a0a4ddf4616986dbd198b772b5f,GCA_016710525.1
FW_TWAS_rep_2,ASV_60519b721ecb986ed0f655be3110c41d2f71adcc,GCA_016704225.1
FW_TWAS_rep_2,ASV_1357580422f02ded6c4e4226c34dbca82d8bc901,GCA_037045785.1
FW_TWAS_rep_2,ASV_0dcc803e23fc9d875f565e04b06f486c891bc2db,GCA_036839835.1
FW_TWAS_rep_2,ASV_8c6f5963ceca6c93cc311f4ecf4cadf8d26549aa,GCF_040226955.1
FW_TWAS_rep_2,ASV_e4f8f4aaf03bbb14aed73331ff341b2f76a07494,GCA_016712375.1
FW_TWAS_rep_2,ASV_5d3012d78ea0643cc7391edf6cffd9a1192ec40f,GCA_049643045.1
FW_TWAS_rep_2,ASV_6d8564df58a6e68ea8ff270e7ce7ee6016f82443,GCA_044224815.1
FW_TWAS_rep_2,ASV_bb5ce42e51378653ba5889bee5f62339a25511b6,GCF_016717175.1
FW_TWAS_rep_2,ASV_437da84c643bcb18ccced8b42dda12d91b79c64f,GCA_937871805.1
FW_TWAS_rep_2,ASV_507e90e189c7f210f355a89973e299ed8c631a62,GCA_048499395.1
FW_TWAS_rep_2,ASV_d9ca23b980cbfe670b7c25e578cf617043ddc30f,GCA_044378235.1
FW_TWAS_rep_2,ASV_f3dc7c1069913fa5864fe975fa8af5bd98f89099,GCA_046329365.1
FW_TWAS_rep_2,ASV_10ddce4c8dd94d5e047159e739cf71883544f000,GCA_046347895.1
FW_TWAS_rep_2,ASV_d30ff2432497d15fdc636379ff4ec61d5f1256e0,GCF_014645495.1
FW_TWAS_rep_2,ASV_3c643bf8357d283f757f23611708b311030f538a,GCF_003115115.2
FW_TWAS_rep_2,ASV_d92dda4f2e75fd6fc21c1b7baa1dfe94bc435ef4,GCA_016717055.1
FW_TWAS_rep_2,ASV_68bc35d6cf6f2d6842ebf4d9d8c14ab9b97fa0e2,GCA_963779155.1
FW_TWAS_rep_2,ASV_21e741955fe55b8bbb1271452b75a4ee1fa1f935,GCA_041396145.1
FW_TWAS_rep_2,ASV_429fc68f4c3bb63014b0cee6f0f94fc25a147942,GCA_017347485.1
FW_TWAS_rep_2,ASV_4726a74fab340b043fde835d068f06e8cfe6c4d7,GCF_026261605.1
FW_TWAS_rep_2,ASV_9627f994d3f8162b004c61b4f43fee3ef122e05e,GCA_046351615.1
FW_TWAS_rep_2,ASV_9545c781b9ac80e8d67896a55010b0c4b72096b1,GCA_036387945.1
FW_TWAS_rep_2,ASV_7ec9e090e8639617693512bb2cb7334863023af4,GCA_046329855.1
FW_TWAS_rep_2,ASV_dd1b3f59050030089da625bd388ad566c1233878,GCF_025821515.1
FW_TWAS_rep_2,ASV_18bad7fa31d83051942ecdc9a71a2370877bd259,GCA_050183115.1
FW_TWAS_rep_2,ASV_3cd51e4a9cdb72ddb260c8d00159d203183f7917,GCA_046327955.1
FW_TWAS_rep_2,ASV_5c826948fe5894fb8e3998269908f4aed2d6963a,GCA_937871805.1
FW_TWAS_rep_2,ASV_b5259cf9333b28d9b4a9cf69802009032231f59c,GCA_016722305.1
FW_TWAS_rep_2,ASV_e586a5584430cacd10472a14994f8107cf912e7d,GCA_943370345.1
FW_TWAS_rep_2,ASV_7b63982775e2c494c2aaffcfdcdd6cb677df530f,GCA_035332425.1
FW_TWAS_rep_2,ASV_0585e67060005277f68f2199f3eecb51d074feca,GCA_046316935.1
FW_TWAS_rep_2,ASV_d914ddbaf284e07e0204036992aecab27a3cbb6b,GCA_016714715.1
FW_TWAS_rep_2,ASV_6e76cb363f0fd7823b752f11576d72f651472629,GCA_963712105.1
FW_TWAS_rep_2,ASV_ec9ea72ec9ca693c1270876a5c151286d67ba7dd,GCA_037200505.1
FW_TWAS_rep_2,ASV_55847c1161fb37e9ef89b3920c656a88cd27abca,GCA_016707485.1
FW_TWAS_rep_2,ASV_e3652422118b59bb9c6ea78b5a44a7cda5cc701c,GCA_036403075.1
FW_TWAS_rep_2,ASV_fc829ba5a43cd96bc706503a41f76e2e3ba05e66,GCA_036504335.1
FW_TWAS_rep_2,ASV_a022f5cd727e1637ba8a52b2cc980c5a8a359fb3,GCA_046348625.1
FW_TWAS_rep_2,ASV_b328f9fe6302b013944a6d341105e24ef7bcb185,GCA_943370345.1
FW_TWAS_rep_2,ASV_e165e94621ad4095c9ee6ef6dd62892b3979f99f,GCA_046329695.1
FW_TWAS_rep_2,ASV_3e54b6655f7f2a1797c3d042bce148e5c4076d2e,GCA_044351045.1
FW_TWAS_rep_2,ASV_e8670186245818f91c2d044c501ce80dd46ee96e,GCA_036569545.1
FW_TWAS_rep_2,ASV_137fff1e332fbf68b94c4b679f3884e84e0a210f,GCA_016713365.1
FW_TWAS_rep_2,ASV_b9a312ee1f72717d7bad8df20ef5069a9372b86f,GCA_964527785.1
FW_TWAS_rep_2,ASV_a086ba8d8397a0f08259cce5cb026255f97eb71e,GCA_963695105.1
FW_TWAS_rep_2,ASV_fd4c2ffac8972ca4a918174d0f8281c25b3ca708,GCA_016705885.1
FW_TWAS_rep_2,ASV_838ceaffdc46f308849a9319ce4a5490e213b4be,GCF_003052295.1
FW_TWAS_rep_2,ASV_b9b166a898ecd76f48eeea64cd1867c85f2258f7,GCA_046331265.1
FW_TWAS_rep_2,ASV_7f62c14e599ee1d06181ae4dbd834472e2c318f9,GCA_964404795.1
FW_TWAS_rep_2,ASV_6b2062bd72205a3086b208d76aafab85139807fc,GCA_016711965.1
FW_TWAS_rep_2,ASV_7d1f5e7465625a138476e8d776477ba2282b7956,GCF_020658055.1
FW_TWAS_rep_2,ASV_6eed6a30e0ff7a58dc0bb35b3181039ee0b64cf2,GCA_046329225.1
FW_TWAS_rep_2,ASV_ba4ace83ab5b1e9111e02978e29d8d4d0d227006,GCA_018003655.1
FW_TWAS_rep_2,ASV_9e668dc359b5cc60b61dea06bf4d53ac967a3946,GCA_035434045.1
FW_TWAS_rep_2,ASV_3d555b727fdc12c8957ba60a6268b167d9a9b20b,GCA_024235995.1
FW_TWAS_rep_2,ASV_60f51aea7101500b5ffb0f6d1255c7bae9423022,GCA_039808765.1
FW_TWAS_rep_2,ASV_cf4a2df85e9feb9aa90b46fc9d3bfbacb484da03,GCA_963779235.1
FW_TWAS_rep_2,ASV_2eefd5a1cc9b8dd731149e130f087c74bf6d5e90,GCA_963712105.1
FW_TWAS_rep_2,ASV_f679ebb6e9c4d53999a91414d6dbad6b6a298818,GCA_034676565.1
FW_TWAS_rep_2,ASV_c8a4ae9e13886238101e51531d9a7ba61fccd816,GCA_014642275.1
FW_TWAS_rep_2,ASV_ee2eb447ce0a6bf61a723abbded9768bf0c61d72,GCF_046764005.1
FW_TWAS_rep_2,ASV_0c591b6e5cf47b760b9b1263e3f75ac3471c1ffb,GCA_044230255.1
FW_TWAS_rep_2,ASV_32265373cb62a1e178abf39125a0324242a48567,GCA_049653105.1
FW_TWAS_rep_2,ASV_74d059443a13e8ae68a15d7e8e18caa825923b7f,GCA_025361645.1
FW_TWAS_rep_2,ASV_6d658eb65e85a977556a3ff5d0067384e9b83a9d,GCA_016722635.1
FW_TWAS_rep_2,ASV_87da0899c8c78b2c098c021386fe96c8123cf60d,GCA_016704085.1
FW_TWAS_rep_2,ASV_145777562bdc4d884d3ae7a4fa66ffcf4ab2fca1,GCF_051958235.1
FW_TWAS_rep_2,ASV_b008c33eebc30fb76d2cf9f4c285476ee09d1aac,GCA_005518185.1
FW_TWAS_rep_2,ASV_70678388e864e31f0be29fd13e02bf37d343437f,GCA_041904965.1
FW_TWAS_rep_2,ASV_03f13404d3e3ad5db9adb9785424b5e0182ea162,GCA_032654705.1
FW_TWAS_rep_2,ASV_f7f8f0d66f15447860b8758f78c82f15192cadc6,GCF_002978245.1
FW_TWAS_rep_2,ASV_dbedc23d4b356002e5fdaf8898b5989c5ca3d690,GCA_041910895.1
FW_TWAS_rep_2,ASV_ccb5e585a64a8020450afef314999aa1a8388bfb,GCA_016700375.1
FW_TWAS_rep_2,ASV_ecf70fd3187c86a233f64f5c9dec5d1bb4acee36,GCA_046350755.1
FW_TWAS_rep_2,ASV_deffee29e5384a5a5eaf72970fa81fdc499eb8c4,GCA_016721425.1
FW_TWAS_rep_2,ASV_0febb021dfeda7c132ce155bef928a71ccbc5fd3,GCA_016702655.1
FW_TWAS_rep_2,ASV_00f4321b2c8c4ae5cc11f91f528f1fd3089a3ae0,GCA_046329585.1
FW_TWAS_rep_2,ASV_34feacf7aefe6bfb0b33f4525a1327e0a0d0d512,GCA_013287665.1
FW_TWAS_rep_2,ASV_e643e425708d619b4816d05a793effe7abeb88dd,GCA_046330625.1
FW_TWAS_rep_2,ASV_13b5cc158e804e39782942ac82d4cfaca887cf9a,GCA_016710995.1
FW_TWAS_rep_2,ASV_2df3bff8dd26fd20f181142c75ad3bc19f90ca0c,GCA_044222245.1
FW_TWAS_rep_2,ASV_d99c57a8603239b5d2ed99aa55d0c8ea1d713322,GCA_017303335.1
FW_TWAS_rep_2,ASV_4f52dd11d6a3f03a060b8715de305561bfdb4803,GCF_027111095.2
FW_TWAS_rep_2,ASV_92b9688ec26d77b9646923ff76f5d5000abdde9f,GCA_051953275.1
FW_TWAS_rep_2,ASV_344aebdef297033af095ed72177ff5b105d85680,GCF_004127515.1
FW_TWAS_rep_2,ASV_2ba925ddc020635fab04132eb39566742bcd260c,GCA_020890945.1
FW_TWAS_rep_2,ASV_fb18c698a00f03323d87e68f4bad2e6abae99bd6,GCA_046329445.1
FW_TWAS_rep_2,ASV_53a46e84e63092f99551e72a13592f5424751b31,GCA_937898325.1
FW_TWAS_rep_2,ASV_253093fb492f6012d4fb04c3f88b1264d4b93c54,GCA_035434385.1
FW_TWAS_rep_2,ASV_f52bc66798d9782a71a7b80d543219c305b792df,GCF_044224635.1
FW_TWAS_rep_2,ASV_6689d87879f9a0a2690c371451e02cb07f563980,GCA_046351595.1
FW_TWAS_rep_2,ASV_924eab0b540d526ec0e9699ed39706c3bd405c93,GCA_046351615.1
FW_TWAS_rep_2,ASV_a1c39124f64ca1ee79a60e753ab4bcb083aacaf0,GCA_016710435.1
FW_TWAS_rep_2,ASV_03fda10b366a8b433f3e3eccefdc68f9278228b9,GCA_037044955.1
FW_TWAS_rep_2,ASV_263ed93f6e48b493e92684311a084750e87a9746,GCA_963814475.1
FW_TWAS_rep_2,ASV_f545f0ec83acdddd76e73b2cee5419e708626c1f,GCA_035248525.1
FW_TWAS_rep_2,ASV_322e9df3013cb5dc8cf657c2f55c450453cc4ed4,GCA_036510065.1
FW_TWAS_rep_2,ASV_2339b3279b5c3123f99bb68ed417c8177f207661,GCA_015075305.1
FW_TWAS_rep_2,ASV_8dcadb7deacae24faf2b727b50d17562bbf28c5a,GCA_963798355.1
FW_TWAS_rep_2,ASV_f9d2ad0ad139413a930f1e5653779d8f0cdcca65,GCA_044238845.1
FW_TWAS_rep_2,ASV_1c41b9aab3de3971aef8a6aaeb04a98716f7b2b6,GCA_046330555.1
FW_TWAS_rep_2,ASV_4975be42e557d96f06fa11605e91f2075ca3a6db,GCA_046348585.1
FW_TWAS_rep_2,ASV_a8241d133ce54d07a7aa1c95c73f2a4302e99494,GCA_016706035.1
FW_TWAS_rep_2,ASV_bcf6c4c79ef621008a4ffa4b3104eeb4210a0118,GCF_049943315.1
FW_TWAS_rep_2,ASV_3cfa4449005ff04445130a3ac4ae92ff913f25e2,GCA_031972215.1
FW_TWAS_rep_2,ASV_766a7d1fc4c23ef5e7ddc7ebc5e200c40c49b4cd,GCF_051962735.1
FW_TWAS_rep_2,ASV_b63bc6392b66e6defb5e027e87f3b6f5352b955a,GCF_049943315.1
FW_TWAS_rep_2,ASV_fbb641edd647e1cfc20b088993de610e25657973,GCA_044227805.1
FW_TWAS_rep_2,ASV_fe976ba5b98462326bc1934fb98580d34ebfa3ff,GCA_044224235.1
FW_TWAS_rep_2,ASV_33cd13e6790cc038ae0933b3128dedadfc12c994,GCA_044369385.1
FW_TWAS_rep_2,ASV_c9b0fb38a878415bde8bc501111eca34ada47b26,GCF_019430125.1
FW_TWAS_rep_2,ASV_f98d54e3973e2801a4551c7d59791ac9ca49bbff,GCA_900299265.1
FW_TWAS_rep_2,ASV_f1d00dfa0b6f577024a28b9a8e4dd0cfb5495ae8,GCA_008933705.1
FW_TWAS_rep_2,ASV_bee4ed3a888695ec3e3d22ed7b28cefc03e63acf,GCF_001014975.1
FW_TWAS_rep_2,ASV_99fa2e53f0f36f723e9c822e65b149eca071a9b6,GCA_044230255.1
FW_TWAS_rep_2,ASV_6a805cbc19fda4c45dd96212a3645ce6221aa7f7,GCA_016721245.1
FW_TWAS_rep_2,ASV_aee16cb78944de9c0169acb0acdea64329509b5e,GCF_051958015.1
FW_TWAS_rep_2,ASV_8f3fb3f37003141387237e917396ba80a63e6fb2,GCA_016714645.1
FW_TWAS_rep_2,ASV_fe685ad52ef0044e5c8480169e452f9054287e1f,GCA_044220735.1
FW_TWAS_rep_2,ASV_515e1ef7ddf9e303b5139961e91b3b1099512289,GCA_016703135.1
FW_TWAS_rep_2,ASV_5a5ff298830725179315759528eb435c1302e2c2,GCA_035332425.1
FW_TWAS_rep_2,ASV_bd0b8b01b0968166f6fe3b45da8c31c243850eeb,GCA_964247385.1
